terms,category,compound,date_added
human,human,FALSE,2021-02-24
humans,human,FALSE,2021-02-24
man,human,FALSE,2021-02-24
men,human,FALSE,2021-02-24
participant,human,FALSE,2021-06-29
participants,human,FALSE,2021-06-29
patient,human,FALSE,2021-06-29
patients,human,FALSE,2021-06-29
people,human,FALSE,2021-02-24
person,human,FALSE,2021-02-24
persons,human,FALSE,2021-02-24
subject,human,FALSE,2021-06-29
subjects,human,FALSE,2021-06-29
woman,human,FALSE,2021-02-24
women,human,FALSE,2021-02-24
aardvark,nonhuman,FALSE,
aardvarks,nonhuman,FALSE,
aardwolf,nonhuman,FALSE,
aardwolfs,nonhuman,FALSE,
aardwolves,nonhuman,FALSE,
affenpinscher,nonhuman,FALSE,
affenpinschers,nonhuman,FALSE,
akbash,nonhuman,FALSE,
akita,nonhuman,FALSE,
akitas,nonhuman,FALSE,
albatross,nonhuman,FALSE,
albatrosses,nonhuman,FALSE,
alga,nonhuman,FALSE,
algae,nonhuman,FALSE,
algal,nonhuman,FALSE,
alligator,nonhuman,FALSE,
alligators,nonhuman,FALSE,
alpaca,nonhuman,FALSE,
alpacas,nonhuman,FALSE,
amphibian,nonhuman,FALSE,
amphibians,nonhuman,FALSE,
anaconda,nonhuman,FALSE,
anacondas,nonhuman,FALSE,
angelfish,nonhuman,FALSE,
angelfishes,nonhuman,FALSE,
anglerfishes,nonhuman,FALSE,
anglerfishes,nonhuman,FALSE,
animal,nonhuman,FALSE,
animals,nonhuman,FALSE,
ant,nonhuman,FALSE,
anteater,nonhuman,FALSE,
anteaters,nonhuman,FALSE,
antelope,nonhuman,FALSE,
antelopes,nonhuman,FALSE,
antlion,nonhuman,FALSE,
antlions,nonhuman,FALSE,
ants,nonhuman,FALSE,
ape,nonhuman,FALSE,
apes,nonhuman,FALSE,
aphid,nonhuman,FALSE,
aphids,nonhuman,FALSE,
armadillo,nonhuman,FALSE,
armadillos,nonhuman,FALSE,
avian,nonhuman,FALSE,
avians,nonhuman,FALSE,
avocet,nonhuman,FALSE,
avocets,nonhuman,FALSE,
axolotl,nonhuman,FALSE,
axolotls,nonhuman,FALSE,
aye-aye,nonhuman,TRUE,
aye-ayes,nonhuman,TRUE,
baboon,nonhuman,FALSE,
baboons,nonhuman,FALSE,
badger,nonhuman,FALSE,
badgers,nonhuman,FALSE,
balinese,nonhuman,FALSE,
bandicoot,nonhuman,FALSE,
bandicoots,nonhuman,FALSE,
barb,nonhuman,FALSE,
barbs,nonhuman,FALSE,
barnacle,nonhuman,FALSE,
barnacles,nonhuman,FALSE,
barracuda,nonhuman,FALSE,
barracudas,nonhuman,FALSE,
basilisk,nonhuman,FALSE,
bass,nonhuman,FALSE,
basses,nonhuman,FALSE,
bat,nonhuman,FALSE,
batoidea,nonhuman,FALSE,
batoidei,nonhuman,FALSE,
bats,nonhuman,FALSE,
beagle,nonhuman,FALSE,
beagles,nonhuman,FALSE,
beaver,nonhuman,FALSE,
beavers,nonhuman,FALSE,
bedbug,nonhuman,FALSE,
bedbugs,nonhuman,FALSE,
bee,nonhuman,FALSE,
bee-eater,nonhuman,TRUE,
bee-eaters,nonhuman,TRUE,
bees,nonhuman,FALSE,
beetle,nonhuman,FALSE,
beetles,nonhuman,FALSE,
bengal,nonhuman,FALSE,
bengals,nonhuman,FALSE,
bichon frise,nonhuman,TRUE,
bichon frises,nonhuman,TRUE,
binturong,nonhuman,FALSE,
binturongs,nonhuman,FALSE,
bird,nonhuman,FALSE,
bird of paradise,nonhuman,TRUE,
birds,nonhuman,FALSE,
birds of paradise,nonhuman,TRUE,
birman,nonhuman,FALSE,
birmans,nonhuman,FALSE,
bison,nonhuman,FALSE,
blackbird,nonhuman,FALSE,
blackbirds,nonhuman,FALSE,
blennies,nonhuman,FALSE,
blenny,nonhuman,FALSE,
bloodhound,nonhuman,FALSE,
bloodhounds,nonhuman,FALSE,
bluebird,nonhuman,FALSE,
bluebirds,nonhuman,FALSE,
boa,nonhuman,FALSE,
boar,nonhuman,FALSE,
boars,nonhuman,FALSE,
boas,nonhuman,FALSE,
bobcat,nonhuman,FALSE,
bobcats,nonhuman,FALSE,
bobolink,nonhuman,FALSE,
bobolinks,nonhuman,FALSE,
bongo,nonhuman,FALSE,
bongos,nonhuman,FALSE,
bonobo,nonhuman,FALSE,
bonobos,nonhuman,FALSE,
boobies,nonhuman,FALSE,
booby,nonhuman,FALSE,
bovid,nonhuman,FALSE,
bovids,nonhuman,FALSE,
buck,nonhuman,FALSE,
bucks,nonhuman,FALSE,
budgerigar,nonhuman,FALSE,
budgerigars,nonhuman,FALSE,
buffalo,nonhuman,FALSE,
buffaloes,nonhuman,FALSE,
bug,nonhuman,FALSE,
bugs,nonhuman,FALSE,
bull,nonhuman,FALSE,
bulldog,nonhuman,FALSE,
bulldogs,nonhuman,FALSE,
bulls,nonhuman,FALSE,
butterflies,nonhuman,FALSE,
butterfly,nonhuman,FALSE,
buzzard,nonhuman,FALSE,
buzzards,nonhuman,FALSE,
cacti,nonhuman,FALSE,
cactus,nonhuman,FALSE,
camel,nonhuman,FALSE,
camels,nonhuman,FALSE,
canaries,nonhuman,FALSE,
canary,nonhuman,FALSE,
canid,nonhuman,FALSE,
canidae,nonhuman,FALSE,
canids,nonhuman,FALSE,
capuchin,nonhuman,FALSE,
capuchins,nonhuman,FALSE,
capybara,nonhuman,FALSE,
capybaras,nonhuman,FALSE,
caracal,nonhuman,FALSE,
caracals,nonhuman,FALSE,
cardinal,nonhuman,FALSE,
cardinals,nonhuman,FALSE,
caribou,nonhuman,FALSE,
caribous,nonhuman,FALSE,
carp,nonhuman,FALSE,
carps,nonhuman,FALSE,
cassowaries,nonhuman,FALSE,
cassowary,nonhuman,FALSE,
cat,nonhuman,FALSE,
caterpillar,nonhuman,FALSE,
caterpillars,nonhuman,FALSE,
catfish,nonhuman,FALSE,
catfishes,nonhuman,FALSE,
cathorops,nonhuman,FALSE,
cats,nonhuman,FALSE,
catshark,nonhuman,FALSE,
catsharks,nonhuman,FALSE,
cattle,nonhuman,FALSE,
centipede,nonhuman,FALSE,
centipedes,nonhuman,FALSE,
cephalopod,nonhuman,FALSE,
cephalopods,nonhuman,FALSE,
chameleon,nonhuman,FALSE,
chameleons,nonhuman,FALSE,
chamois,nonhuman,FALSE,
chamoises,nonhuman,FALSE,
cheetah,nonhuman,FALSE,
cheetahs,nonhuman,FALSE,
chick,nonhuman,FALSE,
chickadee,nonhuman,FALSE,
chickadees,nonhuman,FALSE,
chicken,nonhuman,FALSE,
chickens,nonhuman,FALSE,
chicks,nonhuman,FALSE,
chihuahua,nonhuman,FALSE,
chihuahuas,nonhuman,FALSE,
chimpanzee,nonhuman,FALSE,
chimpanzees,nonhuman,FALSE,
chinchilla,nonhuman,FALSE,
chinchillas,nonhuman,FALSE,
chinook,nonhuman,FALSE,
chinooks,nonhuman,FALSE,
chipmunk,nonhuman,FALSE,
chipmunks,nonhuman,FALSE,
chow chow,nonhuman,TRUE,
chow chows,nonhuman,TRUE,
cicada,nonhuman,FALSE,
cicadas,nonhuman,FALSE,
cichlid,nonhuman,FALSE,
cichlids,nonhuman,FALSE,
civet,nonhuman,FALSE,
civets,nonhuman,FALSE,
clam,nonhuman,FALSE,
clams,nonhuman,FALSE,
clownfish,nonhuman,FALSE,
clownfishes,nonhuman,FALSE,
coati,nonhuman,FALSE,
coatis,nonhuman,FALSE,
cobra,nonhuman,FALSE,
cobras,nonhuman,FALSE,
cockroach,nonhuman,FALSE,
cockroaches,nonhuman,FALSE,
cod,nonhuman,FALSE,
cods,nonhuman,FALSE,
collie,nonhuman,FALSE,
collies,nonhuman,FALSE,
colobus,nonhuman,FALSE,
colobuses,nonhuman,FALSE,
condor,nonhuman,FALSE,
condors,nonhuman,FALSE,
constrictor,nonhuman,FALSE,
constrictors,nonhuman,FALSE,
coonhound,nonhuman,FALSE,
coonhounds,nonhuman,FALSE,
copperhead,nonhuman,FALSE,
copperheads,nonhuman,FALSE,
coral,nonhuman,FALSE,
corals,nonhuman,FALSE,
corn,nonhuman,FALSE,
corns,nonhuman,FALSE,
maize,nonhuman,FALSE,
maizes,nonhuman,FALSE,
corncrake,nonhuman,FALSE,
corncrakes,nonhuman,FALSE,
cougar,nonhuman,FALSE,
cougars,nonhuman,FALSE,
cow,nonhuman,FALSE,
cows,nonhuman,FALSE,
coyote,nonhuman,FALSE,
coyotes,nonhuman,FALSE,
crab,nonhuman,FALSE,
crabs,nonhuman,FALSE,
crane,nonhuman,FALSE,
cranes,nonhuman,FALSE,
crawdad,nonhuman,FALSE,
crawdads,nonhuman,FALSE,
crayfish,nonhuman,FALSE,
crayfishes,nonhuman,FALSE,
cricket,nonhuman,FALSE,
crickets,nonhuman,FALSE,
crocodile,nonhuman,FALSE,
crocodiles,nonhuman,FALSE,
crocodylian,nonhuman,FALSE,
crocodylians,nonhuman,FALSE,
crow,nonhuman,FALSE,
crows,nonhuman,FALSE,
cuckoo,nonhuman,FALSE,
cuckoos,nonhuman,FALSE,
cuscus,nonhuman,FALSE,
cuscuses,nonhuman,FALSE,
cuttlefish,nonhuman,FALSE,
cuttlefishes,nonhuman,FALSE,
dachsbracke,nonhuman,FALSE,
dachshund,nonhuman,FALSE,
dachshunds,nonhuman,FALSE,
dalmatian,nonhuman,FALSE,
dalmatians,nonhuman,FALSE,
damselflies,nonhuman,FALSE,
damselfly,nonhuman,FALSE,
dane,nonhuman,FALSE,
danes,nonhuman,FALSE,
date palm,nonhuman,TRUE,
date palms,nonhuman,TRUE,
deer,nonhuman,FALSE,
deers,nonhuman,FALSE,
dhole,nonhuman,FALSE,
dholes,nonhuman,FALSE,
dictyostelium,nonhuman,FALSE,
dingo,nonhuman,FALSE,
dingos,nonhuman,FALSE,
dinosaur,nonhuman,FALSE,
dinosaurs,nonhuman,FALSE,
dodo,nonhuman,FALSE,
dodos,nonhuman,FALSE,
dog,nonhuman,FALSE,
dogfish,nonhuman,FALSE,
dogfishes,nonhuman,FALSE,
dogs,nonhuman,FALSE,
dolphin,nonhuman,FALSE,
dolphins,nonhuman,FALSE,
donkey,nonhuman,FALSE,
donkeys,nonhuman,FALSE,
dormice,nonhuman,FALSE,
dormouse,nonhuman,FALSE,
dormouse,nonhuman,FALSE,
dove,nonhuman,FALSE,
doves,nonhuman,FALSE,
dragon,nonhuman,FALSE,
dragonflies,nonhuman,FALSE,
dragonfly,nonhuman,FALSE,
dragons,nonhuman,FALSE,
drever,nonhuman,FALSE,
drevers,nonhuman,FALSE,
drosophila,nonhuman,FALSE,
duck,nonhuman,FALSE,
ducks,nonhuman,FALSE,
dugong,nonhuman,FALSE,
dugongs,nonhuman,FALSE,
dunker,nonhuman,FALSE,
dunkers,nonhuman,FALSE,
eagle,nonhuman,FALSE,
eagles,nonhuman,FALSE,
earthworm,nonhuman,FALSE,
earthworms,nonhuman,FALSE,
earwig,nonhuman,FALSE,
earwigs,nonhuman,FALSE,
echidna,nonhuman,FALSE,
echidnas,nonhuman,FALSE,
eel,nonhuman,FALSE,
eels,nonhuman,FALSE,
egret,nonhuman,FALSE,
egrets,nonhuman,FALSE,
elegans,nonhuman,FALSE,
elephant,nonhuman,FALSE,
elephants,nonhuman,FALSE,
elk,nonhuman,FALSE,
elks,nonhuman,FALSE,
emu,nonhuman,FALSE,
emus,nonhuman,FALSE,
ermine,nonhuman,FALSE,
ermines,nonhuman,FALSE,
falcon,nonhuman,FALSE,
falcons,nonhuman,FALSE,
fauna,nonhuman,FALSE,
faunae,nonhuman,FALSE,
faunal,nonhuman,FALSE,
felidae,nonhuman,FALSE,
feline,nonhuman,FALSE,
felines,nonhuman,FALSE,
ferret,nonhuman,FALSE,
ferrets,nonhuman,FALSE,
finch,nonhuman,FALSE,
finches,nonhuman,FALSE,
fireflies,nonhuman,FALSE,
firefly,nonhuman,FALSE,
fish,nonhuman,FALSE,
fishes,nonhuman,FALSE,
flamingo,nonhuman,FALSE,
flamingoes,nonhuman,FALSE,
flea,nonhuman,FALSE,
fleas,nonhuman,FALSE,
flies,nonhuman,FALSE,
flounder,nonhuman,FALSE,
flounders,nonhuman,FALSE,
flower,nonhuman,FALSE,
flowering,nonhuman,FALSE,
flowers,nonhuman,FALSE,
fly,nonhuman,FALSE,
flyingfish,nonhuman,FALSE,
flyingfishes,nonhuman,FALSE,
forest,nonhuman,FALSE,
forests,nonhuman,FALSE,
fossa,nonhuman,FALSE,
fossae,nonhuman,FALSE,
fossil,nonhuman,FALSE,
fossils,nonhuman,FALSE,
fowl,nonhuman,FALSE,
fowls,nonhuman,FALSE,
fox,nonhuman,FALSE,
foxes,nonhuman,FALSE,
foxhound,nonhuman,FALSE,
foxhounds,nonhuman,FALSE,
frigatebird,nonhuman,FALSE,
frigatebirds,nonhuman,FALSE,
frog,nonhuman,FALSE,
frogs,nonhuman,FALSE,
fungi,nonhuman,FALSE,
fungus,nonhuman,FALSE,
galliform,nonhuman,FALSE,
galliformes,nonhuman,FALSE,
galliforms,nonhuman,FALSE,
gamefowl,nonhuman,FALSE,
gamefowls,nonhuman,FALSE,
gar,nonhuman,FALSE,
gars,nonhuman,FALSE,
gavial,nonhuman,FALSE,
gavials,nonhuman,FALSE,
gayal,nonhuman,FALSE,
gayals,nonhuman,FALSE,
gazelle,nonhuman,FALSE,
gazelles,nonhuman,FALSE,
gecko,nonhuman,FALSE,
geckos,nonhuman,FALSE,
geese,nonhuman,FALSE,
gelding,nonhuman,FALSE,
geldings,nonhuman,FALSE,
geologic,nonhuman,FALSE,
geological,nonhuman,FALSE,
geologically,nonhuman,FALSE,
gerbil,nonhuman,FALSE,
gerbils,nonhuman,FALSE,
gharial,nonhuman,FALSE,
gharials,nonhuman,FALSE,
gibbon,nonhuman,FALSE,
gibbons,nonhuman,FALSE,
gila monster,nonhuman,TRUE,
gila monsters,nonhuman,TRUE,
giraffe,nonhuman,FALSE,
giraffes,nonhuman,FALSE,
goat,nonhuman,FALSE,
goats,nonhuman,FALSE,
goldfish,nonhuman,FALSE,
goldfishes,nonhuman,FALSE,
goose,nonhuman,FALSE,
gopher,nonhuman,FALSE,
gophers,nonhuman,FALSE,
gorilla,nonhuman,FALSE,
gorillas,nonhuman,FALSE,
grasshopper,nonhuman,FALSE,
grasshoppers,nonhuman,FALSE,
greyhound,nonhuman,FALSE,
greyhounds,nonhuman,FALSE,
grouse,nonhuman,FALSE,
grouses,nonhuman,FALSE,
guan,nonhuman,FALSE,
guanaco,nonhuman,FALSE,
guineafowl,nonhuman,FALSE,
guineafowls,nonhuman,FALSE,
gull,nonhuman,FALSE,
gulls,nonhuman,FALSE,
guppies,nonhuman,FALSE,
guppy,nonhuman,FALSE,
haddock,nonhuman,FALSE,
haddocks,nonhuman,FALSE,
halibut,nonhuman,FALSE,
halibuts,nonhuman,FALSE,
hamster,nonhuman,FALSE,
hamsters,nonhuman,FALSE,
hare,nonhuman,FALSE,
hares,nonhuman,FALSE,
harrier,nonhuman,FALSE,
harriers,nonhuman,FALSE,
havanese,nonhuman,FALSE,
havaneses,nonhuman,FALSE,
hawk,nonhuman,FALSE,
hawks,nonhuman,FALSE,
hedgehog,nonhuman,FALSE,
hedgehogs,nonhuman,FALSE,
heifer,nonhuman,FALSE,
heifers,nonhuman,FALSE,
heron,nonhuman,FALSE,
herons,nonhuman,FALSE,
herring,nonhuman,FALSE,
herrings,nonhuman,FALSE,
hippopotamus,nonhuman,FALSE,
hippopotamuses,nonhuman,FALSE,
hookworm,nonhuman,FALSE,
hookworms,nonhuman,FALSE,
hornet,nonhuman,FALSE,
hornets,nonhuman,FALSE,
horse,nonhuman,FALSE,
horses,nonhuman,FALSE,
hound,nonhuman,FALSE,
hounds,nonhuman,FALSE,
hoverflies,nonhuman,FALSE,
hoverfly,nonhuman,FALSE,
howler,nonhuman,FALSE,
howlers,nonhuman,FALSE,
hummingbird,nonhuman,FALSE,
hummingbirds,nonhuman,FALSE,
hyena,nonhuman,FALSE,
hyenas,nonhuman,FALSE,
hyra,nonhuman,FALSE,
hyraces,nonhuman,FALSE,
hyrax,nonhuman,FALSE,
hyraxes,nonhuman,FALSE,
ibex,nonhuman,FALSE,
ibexes,nonhuman,FALSE,
ibis,nonhuman,FALSE,
ibises,nonhuman,FALSE,
iguana,nonhuman,FALSE,
iguanas,nonhuman,FALSE,
impala,nonhuman,FALSE,
impalas,nonhuman,FALSE,
insect,nonhuman,FALSE,
insects,nonhuman,FALSE,
irish settler,nonhuman,TRUE,
irish settler,nonhuman,TRUE,
jackal,nonhuman,FALSE,
jackals,nonhuman,FALSE,
jaguar,nonhuman,FALSE,
jaguars,nonhuman,FALSE,
jay,nonhuman,FALSE,
jays,nonhuman,FALSE,
jellyfish,nonhuman,FALSE,
jellyfishes,nonhuman,FALSE,
jerboa,nonhuman,FALSE,
jerboas,nonhuman,FALSE,
junco,nonhuman,FALSE,
juncos,nonhuman,FALSE,
junglefowl,nonhuman,FALSE,
junglefowls,nonhuman,FALSE,
jupiter,nonhuman,FALSE,
kakapo,nonhuman,FALSE,
kakapos,nonhuman,FALSE,
kangaroo,nonhuman,FALSE,
kangaroos,nonhuman,FALSE,
katydid,nonhuman,FALSE,
katydids,nonhuman,FALSE,
kingfisher,nonhuman,FALSE,
kingfishers,nonhuman,FALSE,
koala,nonhuman,FALSE,
koalas,nonhuman,FALSE,
koi,nonhuman,FALSE,
koodoo,nonhuman,FALSE,
koodoos,nonhuman,FALSE,
krill,nonhuman,FALSE,
krills,nonhuman,FALSE,
kudu,nonhuman,FALSE,
kudus,nonhuman,FALSE,
labradoodle,nonhuman,FALSE,
labradoodles,nonhuman,FALSE,
labrador,nonhuman,FALSE,
labradors,nonhuman,FALSE,
ladybird,nonhuman,FALSE,
ladybirds,nonhuman,FALSE,
ladybug,nonhuman,FALSE,
ladybugs,nonhuman,FALSE,
lamprey,nonhuman,FALSE,
lampreys,nonhuman,FALSE,
landform,nonhuman,FALSE,
landforms,nonhuman,FALSE,
landfowl,nonhuman,FALSE,
landfowls,nonhuman,FALSE,
lark,nonhuman,FALSE,
larks,nonhuman,FALSE,
leech,nonhuman,FALSE,
leeches,nonhuman,FALSE,
legume,nonhuman,FALSE,
legumes,nonhuman,FALSE,
lemming,nonhuman,FALSE,
lemmings,nonhuman,FALSE,
lemur,nonhuman,FALSE,
lemurs,nonhuman,FALSE,
leopard,nonhuman,FALSE,
leopards,nonhuman,FALSE,
leopon,nonhuman,FALSE,
leopons,nonhuman,FALSE,
lice,nonhuman,FALSE,
liger,nonhuman,FALSE,
ligers,nonhuman,FALSE,
limpet,nonhuman,FALSE,
limpets,nonhuman,FALSE,
lion,nonhuman,FALSE,
lionfish,nonhuman,FALSE,
lionfishes,nonhuman,FALSE,
lions,nonhuman,FALSE,
lizard,nonhuman,FALSE,
lizards,nonhuman,FALSE,
llama,nonhuman,FALSE,
llamas,nonhuman,FALSE,
lobster,nonhuman,FALSE,
lobsters,nonhuman,FALSE,
locust,nonhuman,FALSE,
locusts,nonhuman,FALSE,
longspur,nonhuman,FALSE,
longspurs,nonhuman,FALSE,
loon,nonhuman,FALSE,
loons,nonhuman,FALSE,
louse,nonhuman,FALSE,
lungfish,nonhuman,FALSE,
lungfishes,nonhuman,FALSE,
lusitania,nonhuman,FALSE,
lusitaniae,nonhuman,FALSE,
lusitanias,nonhuman,FALSE,
lusitanio,nonhuman,FALSE,
lusitanios,nonhuman,FALSE,
lynx,nonhuman,FALSE,
macaque,nonhuman,FALSE,
macaques,nonhuman,FALSE,
macaw,nonhuman,FALSE,
macaws,nonhuman,FALSE,
mackerel,nonhuman,FALSE,
mackerels,nonhuman,FALSE,
magpie,nonhuman,FALSE,
magpies,nonhuman,FALSE,
magpy,nonhuman,FALSE,
malamute,nonhuman,FALSE,
malamutes,nonhuman,FALSE,
mammal,nonhuman,FALSE,
mammals,nonhuman,FALSE,
mammoth,nonhuman,FALSE,
mammoths,nonhuman,FALSE,
manakin,nonhuman,FALSE,
manakins,nonhuman,FALSE,
manatee,nonhuman,FALSE,
manatees,nonhuman,FALSE,
mandrill,nonhuman,FALSE,
mandrills,nonhuman,FALSE,
markhor,nonhuman,FALSE,
markhors,nonhuman,FALSE,
marlin,nonhuman,FALSE,
marlins,nonhuman,FALSE,
marmoset,nonhuman,FALSE,
marmosets,nonhuman,FALSE,
marmot,nonhuman,FALSE,
marmots,nonhuman,FALSE,
mars,nonhuman,FALSE,
marsupial,nonhuman,FALSE,
marsupials,nonhuman,FALSE,
marten,nonhuman,FALSE,
martens,nonhuman,FALSE,
mastiff,nonhuman,FALSE,
mastiffs,nonhuman,FALSE,
mastodon,nonhuman,FALSE,
mastodons,nonhuman,FALSE,
mayflies,nonhuman,FALSE,
mayfly,nonhuman,FALSE,
meadowlark,nonhuman,FALSE,
meadowlarks,nonhuman,FALSE,
meerkat,nonhuman,FALSE,
meerkats,nonhuman,FALSE,
mercury,nonhuman,FALSE,
mice,nonhuman,FALSE,
millipede,nonhuman,FALSE,
millipedes,nonhuman,FALSE,
mink,nonhuman,FALSE,
minks,nonhuman,FALSE,
minnow,nonhuman,FALSE,
minnows,nonhuman,FALSE,
mite,nonhuman,FALSE,
mites,nonhuman,FALSE,
mockingbird,nonhuman,FALSE,
mockingbirds,nonhuman,FALSE,
mole,nonhuman,FALSE,
moles,nonhuman,FALSE,
mollusc,nonhuman,FALSE,
molluscs,nonhuman,FALSE,
mollusk,nonhuman,FALSE,
mollusks,nonhuman,FALSE,
mongeese,nonhuman,FALSE,
mongoose,nonhuman,FALSE,
mongrel,nonhuman,FALSE,
mongrels,nonhuman,FALSE,
monkey,nonhuman,FALSE,
monkeys,nonhuman,FALSE,
moon,nonhuman,FALSE,
moons,nonhuman,FALSE,
moorhen,nonhuman,FALSE,
moorhens,nonhuman,FALSE,
moose,nonhuman,FALSE,
mooses,nonhuman,FALSE,
mosquito,nonhuman,FALSE,
mosquitoes,nonhuman,FALSE,
mosquitofish,nonhuman,FALSE,
mosquitofishes,nonhuman,FALSE,
moth,nonhuman,FALSE,
moths,nonhuman,FALSE,
mouse,nonhuman,FALSE,
mule,nonhuman,FALSE,
mules,nonhuman,FALSE,
muriqui,nonhuman,FALSE,
muriquis,nonhuman,FALSE,
musk oxen,nonhuman,FALSE,
musk oxens,nonhuman,FALSE,
muskoxen,nonhuman,FALSE,
muskoxens,nonhuman,FALSE,
narwhal,nonhuman,FALSE,
narwhals,nonhuman,FALSE,
neptune,nonhuman,FALSE,
newt,nonhuman,FALSE,
newts,nonhuman,FALSE,
nightingale,nonhuman,FALSE,
nightingales,nonhuman,FALSE,
numbat,nonhuman,FALSE,
numbats,nonhuman,FALSE,
nut,nonhuman,FALSE,
nuts,nonhuman,FALSE,
ocelot,nonhuman,FALSE,
ocelots,nonhuman,FALSE,
octopi,nonhuman,FALSE,
octopus,nonhuman,FALSE,
octopuses,nonhuman,FALSE,
okapi,nonhuman,FALSE,
okapis,nonhuman,FALSE,
olm,nonhuman,FALSE,
olms,nonhuman,FALSE,
opossum,nonhuman,FALSE,
opossums,nonhuman,FALSE,
orang-utan,nonhuman,TRUE,
orang-utans,nonhuman,TRUE,
orangutan,nonhuman,FALSE,
orangutans,nonhuman,FALSE,
orca,nonhuman,FALSE,
orcas,nonhuman,FALSE,
oriole,nonhuman,FALSE,
orioles,nonhuman,FALSE,
ostrich,nonhuman,FALSE,
ostriches,nonhuman,FALSE,
otter,nonhuman,FALSE,
otters,nonhuman,FALSE,
owl,nonhuman,FALSE,
owls,nonhuman,FALSE,
oyster,nonhuman,FALSE,
oysters,nonhuman,FALSE,
pademelon,nonhuman,FALSE,
pademelons,nonhuman,FALSE,
palm tree,nonhuman,TRUE,
palm trees,nonhuman,TRUE,
panda,nonhuman,FALSE,
pandas,nonhuman,FALSE,
panther,nonhuman,FALSE,
panthera,nonhuman,FALSE,
panthers,nonhuman,FALSE,
parakeet,nonhuman,FALSE,
parakeets,nonhuman,FALSE,
parrot,nonhuman,FALSE,
parrotfish,nonhuman,FALSE,
parrotfishes,nonhuman,FALSE,
parrots,nonhuman,FALSE,
partridge,nonhuman,FALSE,
partridges,nonhuman,FALSE,
peacock,nonhuman,FALSE,
peacocks,nonhuman,FALSE,
peafowl,nonhuman,FALSE,
peafowls,nonhuman,FALSE,
peccaries,nonhuman,FALSE,
peccary,nonhuman,FALSE,
pelican,nonhuman,FALSE,
pelicans,nonhuman,FALSE,
penguin,nonhuman,FALSE,
penguins,nonhuman,FALSE,
perch,nonhuman,FALSE,
perches,nonhuman,FALSE,
pest,nonhuman,FALSE,
pests,nonhuman,FALSE,
pheasant,nonhuman,FALSE,
pheasants,nonhuman,FALSE,
pig,nonhuman,FALSE,
pigeon,nonhuman,FALSE,
pigeons,nonhuman,FALSE,
pigs,nonhuman,FALSE,
piglet,nonhuman,FALSE,
piglets,nonhuman,FALSE,
pika,nonhuman,FALSE,
pikas,nonhuman,FALSE,
pike,nonhuman,FALSE,
pikes,nonhuman,FALSE,
pinniped,nonhuman,FALSE,
pinnipeds,nonhuman,FALSE,
pinscher,nonhuman,FALSE,
pinschers,nonhuman,FALSE,
piranha,nonhuman,FALSE,
piranhas,nonhuman,FALSE,
pistillata,nonhuman,FALSE,
planarian,nonhuman,FALSE,
planarians,nonhuman,FALSE,
planetarian,nonhuman,FALSE,
planetary,nonhuman,FALSE,
plant,nonhuman,FALSE,
plants,nonhuman,FALSE,
platypus,nonhuman,FALSE,
platypuses,nonhuman,FALSE,
pluto,nonhuman,FALSE,
pointer,nonhuman,FALSE,
pointers,nonhuman,FALSE,
ponies,nonhuman,FALSE,
pony,nonhuman,FALSE,
poodle,nonhuman,FALSE,
poodles,nonhuman,FALSE,
porcupine,nonhuman,FALSE,
porcupines,nonhuman,FALSE,
porpoise,nonhuman,FALSE,
porpoises,nonhuman,FALSE,
possum,nonhuman,FALSE,
possums,nonhuman,FALSE,
prawn,nonhuman,FALSE,
prawns,nonhuman,FALSE,
praying mantis,nonhuman,TRUE,
praying mantises,nonhuman,TRUE,
primate,nonhuman,FALSE,
primates,nonhuman,FALSE,
protoplasm,nonhuman,FALSE,
protoplast,nonhuman,FALSE,
protoplasts,nonhuman,FALSE,
ptarmigan,nonhuman,FALSE,
ptarmigans,nonhuman,FALSE,
puffer,nonhuman,FALSE,
puffers,nonhuman,FALSE,
puffin,nonhuman,FALSE,
puffins,nonhuman,FALSE,
pug,nonhuman,FALSE,
pugs,nonhuman,FALSE,
puma,nonhuman,FALSE,
pumas,nonhuman,FALSE,
pupfish,nonhuman,FALSE,
pupfishes,nonhuman,FALSE,
python,nonhuman,FALSE,
pythons,nonhuman,FALSE,
quail,nonhuman,FALSE,
quails,nonhuman,FALSE,
quelea,nonhuman,FALSE,
queleas,nonhuman,FALSE,
quetzal,nonhuman,FALSE,
quetzals,nonhuman,FALSE,
quokka,nonhuman,FALSE,
quokkas,nonhuman,FALSE,
quoll,nonhuman,FALSE,
quolls,nonhuman,FALSE,
rabbit,nonhuman,FALSE,
rabbits,nonhuman,FALSE,
raccoon,nonhuman,FALSE,
raccoons,nonhuman,FALSE,
rajiformes,nonhuman,FALSE,
ram,nonhuman,FALSE,
rams,nonhuman,FALSE,
rat,nonhuman,FALSE,
rats,nonhuman,FALSE,
rattlesnake,nonhuman,FALSE,
rattlesnakes,nonhuman,FALSE,
raven,nonhuman,FALSE,
ravens,nonhuman,FALSE,
reindeer,nonhuman,FALSE,
reindeers,nonhuman,FALSE,
reptile,nonhuman,FALSE,
reptiles,nonhuman,FALSE,
retriever,nonhuman,FALSE,
retrievers,nonhuman,FALSE,
rhea,nonhuman,FALSE,
rheas,nonhuman,FALSE,
rhesus,nonhuman,FALSE,
rhesuses,nonhuman,FALSE,
rhinoceros,nonhuman,FALSE,
rhinoceroses,nonhuman,FALSE,
rice,nonhuman,FALSE,
rices,nonhuman,FALSE,
roadrunner,nonhuman,FALSE,
roadrunners,nonhuman,FALSE,
robin,nonhuman,FALSE,
robins,nonhuman,FALSE,
rodent,nonhuman,FALSE,
rodents,nonhuman,FALSE,
rook,nonhuman,FALSE,
rooks,nonhuman,FALSE,
rooster,nonhuman,FALSE,
roosters,nonhuman,FALSE,
rottweiler,nonhuman,FALSE,
rottweilers,nonhuman,FALSE,
roundworm,nonhuman,FALSE,
roundworms,nonhuman,FALSE,
sailfish,nonhuman,FALSE,
sailfishes,nonhuman,FALSE,
salamander,nonhuman,FALSE,
salamanders,nonhuman,FALSE,
salmon,nonhuman,FALSE,
salmons,nonhuman,FALSE,
saola,nonhuman,FALSE,
saolas,nonhuman,FALSE,
saturn,nonhuman,FALSE,
sawfish,nonhuman,FALSE,
sawfishes,nonhuman,FALSE,
scallop,nonhuman,FALSE,
scallops,nonhuman,FALSE,
schnauzer,nonhuman,FALSE,
schnauzers,nonhuman,FALSE,
scorpion,nonhuman,FALSE,
scorpions,nonhuman,FALSE,
sea urchin,nonhuman,TRUE,
sea urchins,nonhuman,TRUE,
seahorse,nonhuman,FALSE,
seahorses,nonhuman,FALSE,
seal,nonhuman,FALSE,
seals,nonhuman,FALSE,
seedling,nonhuman,FALSE,
seedlings,nonhuman,FALSE,
serval,nonhuman,FALSE,
servals,nonhuman,FALSE,
shark,nonhuman,FALSE,
sharks,nonhuman,FALSE,
sheep,nonhuman,FALSE,
sheepdog,nonhuman,FALSE,
sheepdogs,nonhuman,FALSE,
sheeps,nonhuman,FALSE,
shih tzu,nonhuman,TRUE,
shih tzus,nonhuman,TRUE,
shrew,nonhuman,FALSE,
shrews,nonhuman,FALSE,
shrimp,nonhuman,FALSE,
shrimps,nonhuman,FALSE,
sifaka,nonhuman,FALSE,
sifakas,nonhuman,FALSE,
silkmoth,nonhuman,FALSE,
silkmothes,nonhuman,FALSE,
silkworm,nonhuman,FALSE,
silkworms,nonhuman,FALSE,
silverfish,nonhuman,FALSE,
silverfishes,nonhuman,FALSE,
skink,nonhuman,FALSE,
skinks,nonhuman,FALSE,
skunk,nonhuman,FALSE,
skunks,nonhuman,FALSE,
sloth,nonhuman,FALSE,
sloths,nonhuman,FALSE,
slug,nonhuman,FALSE,
slugs,nonhuman,FALSE,
smelt,nonhuman,FALSE,
smelts,nonhuman,FALSE,
snail,nonhuman,FALSE,
snails,nonhuman,FALSE,
snake,nonhuman,FALSE,
snakes,nonhuman,FALSE,
soil,nonhuman,FALSE,
soils,nonhuman,FALSE,
soy,nonhuman,FALSE,
soybean,nonhuman,FALSE,
soybeans,nonhuman,FALSE,
spaniel,nonhuman,FALSE,
spaniels,nonhuman,FALSE,
sparrow,nonhuman,FALSE,
sparrows,nonhuman,FALSE,
spider,nonhuman,FALSE,
spiders,nonhuman,FALSE,
spitz,nonhuman,FALSE,
spitzes,nonhuman,FALSE,
sponge,nonhuman,FALSE,
sponges,nonhuman,FALSE,
spoonbill,nonhuman,FALSE,
spoonbills,nonhuman,FALSE,
squid,nonhuman,FALSE,
squids,nonhuman,FALSE,
squirrel,nonhuman,FALSE,
squirrels,nonhuman,FALSE,
stallion,nonhuman,FALSE,
stallions,nonhuman,FALSE,
starfish,nonhuman,FALSE,
starfishes,nonhuman,FALSE,
starling,nonhuman,FALSE,
starlings,nonhuman,FALSE,
stickleback,nonhuman,FALSE,
stickleback,nonhuman,FALSE,
sticklebacks,nonhuman,FALSE,
sticklebacks,nonhuman,FALSE,
stingray,nonhuman,FALSE,
stingrays,nonhuman,FALSE,
stoat,nonhuman,FALSE,
stoats,nonhuman,FALSE,
stork,nonhuman,FALSE,
storks,nonhuman,FALSE,
string ray,nonhuman,TRUE,
string rays,nonhuman,TRUE,
sturgeon,nonhuman,FALSE,
sturgeons,nonhuman,FALSE,
subfish,nonhuman,FALSE,
subfishes,nonhuman,FALSE,
sun,nonhuman,FALSE,
supernova,nonhuman,FALSE,
supernovae,nonhuman,FALSE,
supernovas,nonhuman,FALSE,
swallow,nonhuman,FALSE,
swallows,nonhuman,FALSE,
swan,nonhuman,FALSE,
swans,nonhuman,FALSE,
swordfish,nonhuman,FALSE,
swordfishes,nonhuman,FALSE,
swordtail,nonhuman,FALSE,
swordtails,nonhuman,FALSE,
tahr,nonhuman,FALSE,
tahrs,nonhuman,FALSE,
takin,nonhuman,FALSE,
takins,nonhuman,FALSE,
tamarin,nonhuman,FALSE,
tamarins,nonhuman,FALSE,
tang,nonhuman,FALSE,
tangs,nonhuman,FALSE,
tapir,nonhuman,FALSE,
tapirs,nonhuman,FALSE,
tarantula,nonhuman,FALSE,
tarantulas,nonhuman,FALSE,
tarsier,nonhuman,FALSE,
tarsiers,nonhuman,FALSE,
tasmanian devil,nonhuman,TRUE,
tasmanian devils,nonhuman,TRUE,
termite,nonhuman,FALSE,
termites,nonhuman,FALSE,
tern,nonhuman,FALSE,
terns,nonhuman,FALSE,
terrier,nonhuman,FALSE,
terriers,nonhuman,FALSE,
tetra,nonhuman,FALSE,
tetras,nonhuman,FALSE,
thorny devil,nonhuman,TRUE,
thorny devils,nonhuman,TRUE,
thrush,nonhuman,FALSE,
thrushes,nonhuman,FALSE,
tick,nonhuman,FALSE,
ticks,nonhuman,FALSE,
tiger,nonhuman,FALSE,
tigers,nonhuman,FALSE,
tiglon,nonhuman,FALSE,
tiglons,nonhuman,FALSE,
tilapia,nonhuman,FALSE,
tilapias,nonhuman,FALSE,
toad,nonhuman,FALSE,
toads,nonhuman,FALSE,
tortoise,nonhuman,FALSE,
tortoises,nonhuman,FALSE,
toucan,nonhuman,FALSE,
toucans,nonhuman,FALSE,
tree,nonhuman,FALSE,
treefrog,nonhuman,FALSE,
treefrogs,nonhuman,FALSE,
trees,nonhuman,FALSE,
tropicbird,nonhuman,FALSE,
tropicbirds,nonhuman,FALSE,
trout,nonhuman,FALSE,
trouts,nonhuman,FALSE,
tuatara,nonhuman,FALSE,
tuataras,nonhuman,FALSE,
tuna,nonhuman,FALSE,
tunas,nonhuman,FALSE,
turkey,nonhuman,FALSE,
turkeys,nonhuman,FALSE,
turtle,nonhuman,FALSE,
turtles,nonhuman,FALSE,
tyrannosaurus,nonhuman,FALSE,
tyrannosauruses,nonhuman,FALSE,
uakari,nonhuman,FALSE,
uakaris,nonhuman,FALSE,
umbrellabird,nonhuman,FALSE,
umbrellabirds,nonhuman,FALSE,
uranus,nonhuman,FALSE,
urial,nonhuman,FALSE,
urials,nonhuman,FALSE,
venus,nonhuman,FALSE,
vicuna,nonhuman,FALSE,
vicunas,nonhuman,FALSE,
viper,nonhuman,FALSE,
vipers,nonhuman,FALSE,
vole,nonhuman,FALSE,
voles,nonhuman,FALSE,
vulture,nonhuman,FALSE,
vultures,nonhuman,FALSE,
wallabies,nonhuman,FALSE,
wallaby,nonhuman,FALSE,
walrus,nonhuman,FALSE,
walruses,nonhuman,FALSE,
warbler,nonhuman,FALSE,
warblers,nonhuman,FALSE,
warthog,nonhuman,FALSE,
warthogs,nonhuman,FALSE,
wasp,nonhuman,FALSE,
wasps,nonhuman,FALSE,
weasel,nonhuman,FALSE,
weasels,nonhuman,FALSE,
weevil,nonhuman,FALSE,
weevils,nonhuman,FALSE,
whale,nonhuman,FALSE,
whales,nonhuman,FALSE,
whippet,nonhuman,FALSE,
whippets,nonhuman,FALSE,
whitefish,nonhuman,FALSE,
whitefishes,nonhuman,FALSE,
wildcat,nonhuman,FALSE,
wildcats,nonhuman,FALSE,
wildebeest,nonhuman,FALSE,
wildebeests,nonhuman,FALSE,
wildfowl,nonhuman,FALSE,
wildfowls,nonhuman,FALSE,
wolf,nonhuman,FALSE,
wolfhound,nonhuman,FALSE,
wolfhounds,nonhuman,FALSE,
wolverine,nonhuman,FALSE,
wolverines,nonhuman,FALSE,
wolves,nonhuman,FALSE,
wombat,nonhuman,FALSE,
wombats,nonhuman,FALSE,
woodlice,nonhuman,FALSE,
woodllouse,nonhuman,FALSE,
woodpecker,nonhuman,FALSE,
woodpeckers,nonhuman,FALSE,
worm,nonhuman,FALSE,
worms,nonhuman,FALSE,
wrasse,nonhuman,FALSE,
wrasses,nonhuman,FALSE,
wren,nonhuman,FALSE,
wrens,nonhuman,FALSE,
xerinae,nonhuman,FALSE,
yak,nonhuman,FALSE,
yaks,nonhuman,FALSE,
yeast,nonhuman,FALSE,
zebra,nonhuman,FALSE,
zebrafish,nonhuman,FALSE,
zebrafishes,nonhuman,FALSE,
zebras,nonhuman,FALSE,
zebu,nonhuman,FALSE,
zebus,nonhuman,FALSE,
zonkey,nonhuman,FALSE,
zonkeys,nonhuman,FALSE,
zorse,nonhuman,FALSE,
zorses,nonhuman,FALSE,